<launch4jConfig>
  <dontWrapJar>false</dontWrapJar>
  <headerType>gui</headerType>
  <jar>..\launcher\bin\JarWinJavaExeLauncher.jar</jar>
  <outfile>..\..\..\runtime\tvbrowser_win\tvbrowser_noDD.exe</outfile>
  <errTitle></errTitle>
  <cmdLine>/start tvbrowser.jar -Dpropertiesfile=windows.properties -Dsun.java2d.noddraw=true -Xmx320m</cmdLine>
  <chdir>.</chdir>
  <priority>normal</priority>
  <downloadUrl>http://java.com/download</downloadUrl>
  <supportUrl></supportUrl>
  <customProcName>false</customProcName>
  <stayAlive>false</stayAlive>
  <icon>..\..\..\runtime\tvbrowser_win\imgs\desktop.ico</icon>
  <jre>
    <path></path>
    <minVersion>1.6.0</minVersion>
    <dontUsePrivateJres>false</dontUsePrivateJres>
    <initialHeapSize>0</initialHeapSize>
    <maxHeapSize>0</maxHeapSize>
  </jre>
  <versionInfo>
    <fileVersion>3.0.0.0</fileVersion>
    <txtFileVersion>3.0</txtFileVersion>
    <fileDescription>TV-Browser</fileDescription>
    <copyright>Copyright (c) 04/2003 by Martin Oberhauser, Til Schneider, Bodo Tasche, Rene Mach, Michael Keppler under GNU General Public License.</copyright>
    <productVersion>3.0.0.0</productVersion>
    <txtProductVersion>3.0</txtProductVersion>
    <productName>TV-Browser</productName>
    <companyName></companyName>
    <internalName>TV-Browser</internalName>
    <originalFilename>tvbrowser_noDD.exe</originalFilename>
  </versionInfo>
</launch4jConfig>